Dev,09-22-1993,dev.vegi@gmail.com
Ravi,09-22-1993,raviteja@gmail.com
Chaitanya,09-22-1993,chaithukonda@gmail.com
Raja,02-02-1988,raja4serve@gmail.com
Ashok,02-02-1988,ashok@gmail.com
Srikanth,03-23-2001,srikanthreddy@gmail.com
Dayanand,03-23-2001,dayanandng@gmail.com